nazwa,jednostka,dokladnosc,powtorzenia,pomiary
d_cz,rad,0.000009696273622,1,0.4152913992
d_zo,rad,0.000009696273622,1,0.3630866621
d_zie,rad,0.000009696273622,1,0.3078179024
d_n,rad,0.000009696273622,1,0.2887162434
d_f,rad,0.000009696273622,1,0.2734349161
w_zo,rad,0.000009696273622,1,0.3631836248
w_n,rad,0.000009696273622,1,0.2976659039
k_zie,rad,0.000009696273622,1,0.3430541608
k_zo,rad,0.000009696273622,1,0.3621849086